{
  "time": [
    0.0,
    0.1,
    0.2,
    0.30000000000000004,
    0.4,
    0.7000000000000001,
    0.8,
    0.9
  ],
  "visual_language_discrepancy": [
    0.3199999999999999,
    0.10000000000000003,
    0.21000000000000002,
    0.14000000000000012,
    0.10000000000000003,
    0.21000000000000002,
    0.14000000000000012,
    0.10000000000000003
  ],
  "auditory_language_discrepancy": [
    0.25,
    0.32199999999999995,
    0.36807999999999996,
    0.5775712,
    0.4231564544,
    0.4394773301248,
    0.623265491279872,
    0.4465519315352945
  ],
  "olfactory_discomfort": [
    0.17999999999999997,
    0.3903999999999999,
    0.4706239999999998,
    0.4741708799999999,
    0.43289113599999995,
    0.6705365243494399,
    0.5838371790716927,
    0.49137982883823617
  ],
  "feedback_intensity": [
    0.3199999999999999,
    0.3903999999999999,
    0.4706239999999998,
    0.5775712,
    0.43289113599999995,
    0.6705365243494399,
    0.623265491279872,
    0.49137982883823617
  ]
}