{
  "time": [
    0.0,
    0.1,
    0.2,
    0.30000000000000004,
    0.4,
    0.5,
    0.6000000000000001,
    0.7000000000000001,
    0.8,
    0.9
  ],
  "visual_language_discrepancy": [
    0.3199999999999999,
    0.10000000000000003,
    0.21000000000000002,
    0.14000000000000012,
    0.10000000000000003,
    0.3199999999999999,
    0.10000000000000003,
    0.21000000000000002,
    0.14000000000000012,
    0.10000000000000003
  ],
  "auditory_language_discrepancy": [
    0.25,
    0.32199999999999995,
    0.36807999999999996,
    0.5775712,
    0.4231564544,
    0.42852516352,
    0.4362561046528,
    0.441203906977792,
    0.6243705004657869,
    0.4471176962384829
  ],
  "feedback_intensity": [
    0.3199999999999999,
    0.32199999999999995,
    0.36807999999999996,
    0.5775712,
    0.4231564544,
    0.42852516352,
    0.4362561046528,
    0.441203906977792,
    0.6243705004657869,
    0.4471176962384829
  ]
}